{"cameraMode":{"drawMode":0,"name":"Shaded","section":"Shading Mode"},"sceneLighting":true,"audioPlay":false,"sceneViewState":{"showFog":true,"showMaterialUpdate":true,"showSkybox":true,"showFlares":true,"showImageEffects":false,"showParticleSystems":true},"in2DMode":false,"pivot":{"x":15.921149253845215,"y":11.71242618560791,"z":-9.317825317382813},"rotation":{"x":0.45107778906822207,"y":-0.009370353072881699,"z":0.004736973438411951,"w":0.8924250602722168},"size":36.732242584228519,"orthographic":false}