{"cameraMode":{"drawMode":0,"name":"Shaded","section":"Shading Mode"},"sceneLighting":false,"audioPlay":false,"sceneViewState":{"showFog":true,"showMaterialUpdate":true,"showSkybox":false,"showFlares":true,"showImageEffects":true,"showParticleSystems":true},"in2DMode":false,"pivot":{"x":0.06434173136949539,"y":0.19643783569335938,"z":1.51805579662323e-7},"rotation":{"x":0.3069949448108673,"y":0.20069582760334016,"z":-0.06639835238456726,"w":0.9279412031173706},"size":0.9938297867774963,"orthographic":true}