{"cameraMode":{"drawMode":0,"name":"Shaded","section":"Shading Mode"},"sceneLighting":false,"audioPlay":false,"sceneViewState":{"showFog":true,"showMaterialUpdate":true,"showSkybox":false,"showFlares":true,"showImageEffects":true,"showParticleSystems":true},"in2DMode":false,"pivot":{"x":-7.000000953674316,"y":-0.6972659230232239,"z":9.195029258728028},"rotation":{"x":0.08975473046302796,"y":-0.05226334184408188,"z":0.004716414026916027,"w":0.9945802688598633},"size":5.893348693847656,"orthographic":true}