{"cameraMode":{"drawMode":0,"name":"Shaded","section":"Shading Mode"},"sceneLighting":false,"audioPlay":false,"sceneViewState":{"showFog":true,"showMaterialUpdate":true,"showSkybox":false,"showFlares":true,"showImageEffects":true,"showParticleSystems":true},"in2DMode":false,"pivot":{"x":4.210000038146973,"y":-4.039999961853027,"z":-0.20000000298023225},"rotation":{"x":0.010498634539544583,"y":0.014998720958828926,"z":0.00015745525888632983,"w":-0.9998324513435364},"size":9.339641571044922,"orthographic":false}