{"cameraMode":{"drawMode":0,"name":"Shaded","section":"Shading Mode"},"sceneLighting":false,"audioPlay":false,"sceneViewState":{"showFog":true,"showMaterialUpdate":true,"showSkybox":false,"showFlares":true,"showImageEffects":true,"showParticleSystems":true},"in2DMode":false,"pivot":{"x":-4.8766560554504398,"y":7.0277180671691898,"z":-2.119999885559082},"rotation":{"x":-0.37661054730415347,"y":-0.03333861008286476,"z":0.013563839718699456,"w":-0.9256722331047058},"size":14.52988338470459,"orthographic":false}