{"cameraMode":{"drawMode":0,"name":"Shaded","section":"Shading Mode"},"sceneLighting":false,"audioPlay":false,"sceneViewState":{"showFog":true,"showMaterialUpdate":true,"showSkybox":false,"showFlares":true,"showImageEffects":true,"showParticleSystems":true},"in2DMode":false,"pivot":{"x":-13.939727783203125,"y":-3.0,"z":37.17341232299805},"rotation":{"x":-0.03180187568068504,"y":0.01259019784629345,"z":-0.0004001070046797395,"w":-0.9994195103645325},"size":56.322261810302737,"orthographic":false}