{"cameraMode":{"drawMode":0,"name":"Shaded","section":"Shading Mode"},"sceneLighting":false,"audioPlay":false,"sceneViewState":{"showFog":true,"showMaterialUpdate":true,"showSkybox":false,"showFlares":true,"showImageEffects":true,"showParticleSystems":true},"in2DMode":false,"pivot":{"x":0.8999999761581421,"y":0.0,"z":8.119999885559082},"rotation":{"x":0.03898673877120018,"y":-0.013488990254700184,"z":0.0005263166385702789,"w":0.9991485476493836},"size":0.47392645478248598,"orthographic":true}