{"cameraMode":{"drawMode":0,"name":"Shaded","section":"Shading Mode"},"sceneLighting":false,"audioPlay":false,"sceneViewState":{"showFog":true,"showMaterialUpdate":true,"showSkybox":false,"showFlares":true,"showImageEffects":true,"showParticleSystems":true},"in2DMode":false,"pivot":{"x":1.8587493896484376,"y":0.1990966796875,"z":0.25537109375},"rotation":{"x":-0.03148331120610237,"y":0.026983298361301423,"z":-0.0008502502460032702,"w":-0.999139666557312},"size":2.3419737815856935,"orthographic":true}