{"cameraMode":{"drawMode":0,"name":"Shaded","section":"Shading Mode"},"sceneLighting":false,"audioPlay":false,"sceneViewState":{"showFog":true,"showMaterialUpdate":true,"showSkybox":false,"showFlares":true,"showImageEffects":true,"showParticleSystems":true},"in2DMode":false,"pivot":{"x":-0.9717370271682739,"y":2.5818989276885988,"z":6.710471153259277},"rotation":{"x":0.010498634539544583,"y":0.014998720958828926,"z":0.00015745525888632983,"w":-0.9998324513435364},"size":21.90996742248535,"orthographic":false}