{"cameraMode":{"drawMode":0,"name":"Shaded","section":"Shading Mode"},"sceneLighting":false,"audioPlay":false,"sceneViewState":{"showFog":true,"showMaterialUpdate":true,"showSkybox":false,"showFlares":true,"showImageEffects":false,"showParticleSystems":true},"in2DMode":false,"pivot":{"x":27.000001907348634,"y":1.2675000429153443,"z":-6.000000953674316},"rotation":{"x":-0.34228307008743288,"y":-0.1741778403520584,"z":0.06472867727279663,"w":-0.9210410714149475},"size":40.82874298095703,"orthographic":false}