{"cameraMode":{"drawMode":0,"name":"Shaded","section":"Shading Mode"},"sceneLighting":false,"audioPlay":false,"sceneViewState":{"showFog":true,"showMaterialUpdate":true,"showSkybox":false,"showFlares":true,"showImageEffects":false,"showParticleSystems":true},"in2DMode":false,"pivot":{"x":34.55216979980469,"y":-15.131427764892579,"z":4.299686431884766},"rotation":{"x":-0.2491786628961563,"y":-0.05893794074654579,"z":0.015193880535662175,"w":-0.9665445685386658},"size":67.85130310058594,"orthographic":false}