{"cameraMode":{"drawMode":0,"name":"Shaded","section":"Shading Mode"},"sceneLighting":false,"audioPlay":false,"sceneViewState":{"showFog":true,"showMaterialUpdate":true,"showSkybox":false,"showFlares":true,"showImageEffects":false,"showParticleSystems":true},"in2DMode":false,"pivot":{"x":14.950458526611329,"y":1.5557230710983277,"z":11.38353443145752},"rotation":{"x":-0.1215096190571785,"y":-0.7374624609947205,"z":0.13785386085510255,"w":-0.6499271392822266},"size":10.022689819335938,"orthographic":false}