{"cameraMode":{"drawMode":0,"name":"Shaded","section":"Shading Mode"},"sceneLighting":true,"audioPlay":false,"sceneViewState":{"showFog":true,"showMaterialUpdate":true,"showSkybox":false,"showFlares":true,"showImageEffects":false,"showParticleSystems":true},"in2DMode":false,"pivot":{"x":-0.011231541633605957,"y":6.92066764831543,"z":3.105236053466797},"rotation":{"x":0.2579673230648041,"y":0.024050960317254068,"z":-0.00642852857708931,"w":0.9658357501029968},"size":15.059844970703125,"orthographic":false}