{"cameraMode":{"drawMode":0,"name":"Shaded","section":"Shading Mode"},"sceneLighting":false,"audioPlay":false,"sceneViewState":{"showFog":true,"showMaterialUpdate":true,"showSkybox":false,"showFlares":true,"showImageEffects":false,"showParticleSystems":true},"in2DMode":false,"pivot":{"x":6.462442398071289,"y":-0.7489962577819824,"z":3.477024555206299},"rotation":{"x":-0.15359772741794587,"y":-0.6514284610748291,"z":0.13701599836349488,"w":-0.7302634716033936},"size":10.979817390441895,"orthographic":false}