{"cameraMode":{"drawMode":0,"name":"Shaded","section":"Shading Mode"},"sceneLighting":true,"audioPlay":false,"sceneViewState":{"showFog":true,"showMaterialUpdate":true,"showSkybox":false,"showFlares":true,"showImageEffects":false,"showParticleSystems":true},"in2DMode":false,"pivot":{"x":5.313421726226807,"y":-4.970829010009766,"z":2.835124969482422},"rotation":{"x":0.4059632122516632,"y":0.041920315474271777,"z":-0.018650095909833909,"w":0.9127399325370789},"size":62.76478576660156,"orthographic":false}