{"cameraMode":{"drawMode":0,"name":"Shaded","section":"Shading Mode"},"sceneLighting":false,"audioPlay":false,"sceneViewState":{"showFog":true,"showMaterialUpdate":true,"showSkybox":false,"showFlares":true,"showImageEffects":false,"showParticleSystems":true},"in2DMode":false,"pivot":{"x":0.09429931640625,"y":2.4688034057617189,"z":-0.21901702880859376},"rotation":{"x":0.013643825426697731,"y":0.9818383455276489,"z":-0.1725851595401764,"w":0.07762645184993744},"size":125.70248413085938,"orthographic":false}