{"cameraMode":{"drawMode":0,"name":"Shaded","section":"Shading Mode"},"sceneLighting":false,"audioPlay":false,"sceneViewState":{"showFog":true,"showMaterialUpdate":true,"showSkybox":false,"showFlares":true,"showImageEffects":false,"showParticleSystems":true},"in2DMode":false,"pivot":{"x":3.6403183937072756,"y":2.161736488342285,"z":-9.131234169006348},"rotation":{"x":-0.3452402949333191,"y":-0.038841430097818378,"z":0.014301526360213757,"w":-0.9376030564308167},"size":20.064550399780275,"orthographic":false}