{"cameraMode":{"drawMode":0,"name":"Shaded","section":"Shading Mode"},"sceneLighting":false,"audioPlay":false,"sceneViewState":{"showFog":true,"showMaterialUpdate":true,"showSkybox":false,"showFlares":true,"showImageEffects":false,"showParticleSystems":true},"in2DMode":false,"pivot":{"x":4.055690765380859,"y":22.481327056884767,"z":-15.146024703979493},"rotation":{"x":-0.34228307008743288,"y":-0.1741778403520584,"z":0.06472867727279663,"w":-0.9210410714149475},"size":96.15410614013672,"orthographic":false}