{"cameraMode":{"drawMode":0,"name":"Shaded","section":"Shading Mode"},"sceneLighting":false,"audioPlay":false,"sceneViewState":{"showFog":true,"showMaterialUpdate":true,"showSkybox":false,"showFlares":true,"showImageEffects":false,"showParticleSystems":true},"in2DMode":false,"pivot":{"x":-0.0302734375,"y":2.019415855407715,"z":-0.06211090087890625},"rotation":{"x":0.013643825426697731,"y":0.9818383455276489,"z":-0.1725851595401764,"w":0.07762645184993744},"size":189.62545776367188,"orthographic":false}