{"cameraMode":{"drawMode":0,"name":"Shaded","section":"Shading Mode"},"sceneLighting":true,"audioPlay":false,"sceneViewState":{"showFog":true,"showMaterialUpdate":true,"showSkybox":false,"showFlares":true,"showImageEffects":false,"showParticleSystems":true},"in2DMode":false,"pivot":{"x":13.57785415649414,"y":39.42422103881836,"z":-1.993988037109375},"rotation":{"x":0.2579673230648041,"y":0.024050960317254068,"z":-0.00642852857708931,"w":0.9658357501029968},"size":16.947946548461915,"orthographic":false}