{"cameraMode":{"drawMode":0,"name":"Shaded","section":"Shading Mode"},"sceneLighting":false,"audioPlay":false,"sceneViewState":{"showFog":true,"showMaterialUpdate":true,"showSkybox":false,"showFlares":true,"showImageEffects":false,"showParticleSystems":true},"in2DMode":false,"pivot":{"x":-5.559999942779541,"y":1.5925061702728272,"z":-2.700000047683716},"rotation":{"x":0.03262268006801605,"y":0.14935685694217683,"z":-0.0049326494336128239,"w":0.9882354736328125},"size":7.404940128326416,"orthographic":true}