{"cameraMode":{"drawMode":0,"name":"Shaded","section":"Shading Mode"},"sceneLighting":false,"audioPlay":false,"sceneViewState":{"showFog":true,"showMaterialUpdate":true,"showSkybox":false,"showFlares":true,"showImageEffects":false,"showParticleSystems":true},"in2DMode":false,"pivot":{"x":-6.593081474304199,"y":-6.599885940551758,"z":5.479994773864746},"rotation":{"x":0.18567323684692384,"y":-0.7971301674842835,"z":0.48797452449798586,"w":0.30334049463272097},"size":26.106407165527345,"orthographic":false}