{"cameraMode":{"drawMode":0,"name":"Shaded","section":"Shading Mode"},"sceneLighting":false,"audioPlay":false,"sceneViewState":{"showFog":true,"showMaterialUpdate":true,"showSkybox":false,"showFlares":true,"showImageEffects":false,"showParticleSystems":true},"in2DMode":false,"pivot":{"x":1.6297398805618287,"y":-1.4433095455169678,"z":-1.2679920196533204},"rotation":{"x":0.005313574802130461,"y":-0.9785756468772888,"z":0.20429334044456483,"w":0.02556019090116024},"size":9.461544036865235,"orthographic":false}