{"cameraMode":{"drawMode":0,"name":"Shaded","section":"Shading Mode"},"sceneLighting":false,"audioPlay":false,"sceneViewState":{"showFog":true,"showMaterialUpdate":true,"showSkybox":false,"showFlares":true,"showImageEffects":false,"showParticleSystems":true},"in2DMode":false,"pivot":{"x":0.10650062561035156,"y":0.526400089263916,"z":0.03199958801269531},"rotation":{"x":0.3186678886413574,"y":0.676579475402832,"z":-0.4180831015110016,"w":0.5157161355018616},"size":64.37482452392578,"orthographic":true}