{"cameraMode":{"drawMode":0,"name":"Shaded","section":"Shading Mode"},"sceneLighting":false,"audioPlay":false,"sceneViewState":{"showFog":true,"showMaterialUpdate":true,"showSkybox":false,"showFlares":true,"showImageEffects":false,"showParticleSystems":true},"in2DMode":false,"pivot":{"x":3.8198909759521486,"y":1.100000023841858,"z":-3.401547908782959},"rotation":{"x":0.44150781631469729,"y":-0.4340088963508606,"z":0.258390873670578,"w":0.7415837049484253},"size":5.491860866546631,"orthographic":true}